2021 super output area - lower layer,mnemonic,Total: All usual residents aged 16 years and over in employment the week before the census,%,Less than 2km,%,2km to less than 5km,%,5km to less than 10km,%,10km to less than 20km,%,20km to less than 30km,%,30km to less than 40km,%,40km to less than 60km,%,60km and over,%,Works mainly from home,%,"Works mainly at an offshore installation, in no fixed place, or outside the UK",%
Bradford 001A,E01010646,563,100,17,3,26,4.6,64,11.4,66,11.7,41,7.3,11,2,2,0.4,4,0.7,265,47.1,67,11.9
Bradford 001B,E01010647,418,100,24,5.7,30,7.2,62,14.8,59,14.1,34,8.1,6,1.4,2,0.5,4,1,160,38.3,37,8.9
Bradford 001C,E01010648,586,100,22,3.8,18,3.1,75,12.8,77,13.1,51,8.7,12,2,8,1.4,6,1,236,40.3,81,13.8
Bradford 001D,E01010692,803,100,62,7.7,9,1.1,62,7.7,94,11.7,55,6.8,6,0.7,2,0.2,12,1.5,436,54.3,65,8.1
Bradford 002A,E01010691,668,100,58,8.7,10,1.5,43,6.4,91,13.6,35,5.2,5,0.7,4,0.6,6,0.9,372,55.7,44,6.6
Bradford 002B,E01010693,612,100,30,4.9,11,1.8,53,8.7,77,12.6,44,7.2,4,0.7,3,0.5,6,1,334,54.6,50,8.2
Bradford 002C,E01010694,594,100,50,8.4,14,2.4,37,6.2,77,13,37,6.2,8,1.3,5,0.8,7,1.2,315,53,44,7.4
Bradford 002D,E01010695,748,100,131,17.5,4,0.5,66,8.8,107,14.3,51,6.8,7,0.9,2,0.3,7,0.9,326,43.6,47,6.3
Bradford 002E,E01010696,753,100,75,10,16,2.1,44,5.8,109,14.5,51,6.8,8,1.1,2,0.3,11,1.5,386,51.3,51,6.8
Bradford 002F,E01010697,600,100,52,8.7,5,0.8,47,7.8,85,14.2,40,6.7,2,0.3,7,1.2,8,1.3,307,51.2,47,7.8
Bradford 002G,E01010698,943,100,149,15.8,6,0.6,58,6.2,131,13.9,70,7.4,9,1,5,0.5,6,0.6,379,40.2,130,13.8
Bradford 002H,E01010699,878,100,128,14.6,28,3.2,67,7.6,131,14.9,51,5.8,9,1,3,0.3,5,0.6,296,33.7,160,18.2
Bradford 003A,E01010767,635,100,35,5.5,61,9.6,55,8.7,126,19.8,20,3.1,3,0.5,1,0.2,2,0.3,252,39.7,80,12.6
Bradford 003B,E01010768,807,100,24,3,58,7.2,66,8.2,164,20.3,11,1.4,3,0.4,4,0.5,5,0.6,411,50.9,61,7.6
Bradford 003C,E01010769,792,100,37,4.7,65,8.2,85,10.7,143,18.1,17,2.1,10,1.3,6,0.8,4,0.5,333,42,92,11.6
Bradford 003D,E01010771,546,100,15,2.7,27,4.9,43,7.9,122,22.3,26,4.8,3,0.5,6,1.1,2,0.4,254,46.5,48,8.8
Bradford 005A,E01010770,834,100,19,2.3,45,5.4,76,9.1,171,20.5,20,2.4,5,0.6,4,0.5,5,0.6,417,50,72,8.6
Bradford 005B,E01010772,562,100,10,1.8,29,5.2,59,10.5,106,18.9,13,2.3,6,1.1,0,0,4,0.7,286,50.9,49,8.7
Bradford 005C,E01010773,786,100,22,2.8,44,5.6,107,13.6,147,18.7,21,2.7,3,0.4,1,0.1,7,0.9,355,45.2,79,10.1
Bradford 005D,E01010774,741,100,28,3.8,61,8.2,100,13.5,122,16.5,17,2.3,4,0.5,6,0.8,6,0.8,326,44,71,9.6
Bradford 006A,E01010706,776,100,20,2.6,76,9.8,144,18.6,87,11.2,36,4.6,4,0.5,5,0.6,3,0.4,321,41.4,80,10.3
Bradford 006B,E01010707,942,100,70,7.4,104,11,128,13.6,132,14,43,4.6,4,0.4,4,0.4,6,0.6,318,33.8,133,14.1
Bradford 006C,E01010708,738,100,128,17.3,79,10.7,89,12.1,106,14.4,30,4.1,10,1.4,5,0.7,3,0.4,173,23.4,115,15.6
Bradford 006D,E01010709,1294,100,86,6.6,162,12.5,214,16.5,207,16,56,4.3,8,0.6,13,1,15,1.2,384,29.7,149,11.5
Bradford 007A,E01010719,575,100,177,30.8,63,11,31,5.4,92,16,24,4.2,2,0.3,3,0.5,10,1.7,72,12.5,101,17.6
Bradford 007B,E01010727,800,100,99,12.4,128,16,80,10,116,14.5,36,4.5,7,0.9,5,0.6,9,1.1,215,26.9,105,13.1
Bradford 007C,E01010728,633,100,179,28.3,54,8.5,45,7.1,108,17.1,38,6,6,0.9,4,0.6,8,1.3,97,15.3,94,14.8
Bradford 007D,E01010729,624,100,118,18.9,73,11.7,47,7.5,89,14.3,27,4.3,6,1,10,1.6,6,1,150,24,98,15.7
Bradford 008A,E01010700,543,100,136,25,42,7.7,50,9.2,87,16,27,5,9,1.7,13,2.4,8,1.5,82,15.1,89,16.4
Bradford 008B,E01010701,462,100,142,30.7,34,7.4,46,10,65,14.1,20,4.3,7,1.5,2,0.4,9,1.9,59,12.8,78,16.9
Bradford 008C,E01010702,670,100,178,26.6,62,9.3,43,6.4,109,16.3,28,4.2,5,0.7,4,0.6,25,3.7,84,12.5,132,19.7
Bradford 008D,E01010703,724,100,118,16.3,64,8.8,119,16.4,82,11.3,30,4.1,6,0.8,4,0.6,6,0.8,155,21.4,140,19.3
Bradford 008E,E01010704,631,100,132,20.9,52,8.2,126,20,72,11.4,22,3.5,3,0.5,3,0.5,2,0.3,105,16.6,114,18.1
Bradford 008F,E01010705,782,100,138,17.6,80,10.2,113,14.5,90,11.5,21,2.7,1,0.1,3,0.4,5,0.6,212,27.1,119,15.2
Bradford 008G,E01010710,723,100,234,32.4,61,8.4,64,8.9,104,14.4,32,4.4,7,1,5,0.7,9,1.2,77,10.7,130,18
Bradford 009A,E01010712,545,100,161,29.5,44,8.1,58,10.6,70,12.8,16,2.9,4,0.7,18,3.3,15,2.8,65,11.9,94,17.2
Bradford 009B,E01010720,540,100,138,25.6,98,18.1,55,10.2,95,17.6,14,2.6,3,0.6,1,0.2,10,1.9,44,8.1,82,15.2
Bradford 009C,E01010721,819,100,148,18.1,162,19.8,73,8.9,132,16.1,44,5.4,10,1.2,8,1,12,1.5,136,16.6,94,11.5
Bradford 009D,E01010723,511,100,156,30.5,45,8.8,40,7.8,74,14.5,25,4.9,3,0.6,0,0,3,0.6,47,9.2,118,23.1
Bradford 009E,E01010724,551,100,132,24,92,16.7,29,5.3,74,13.4,12,2.2,8,1.5,4,0.7,4,0.7,95,17.2,101,18.3
Bradford 009F,E01010725,699,100,175,25,97,13.9,57,8.2,105,15,20,2.9,10,1.4,3,0.4,1,0.1,107,15.3,124,17.7
Bradford 010A,E01010579,680,100,33,4.9,62,9.1,125,18.4,65,9.6,23,3.4,1,0.1,0,0,8,1.2,287,42.2,76,11.2
Bradford 010B,E01010580,1199,100,71,5.9,91,7.6,236,19.7,141,11.8,27,2.3,4,0.3,4,0.3,7,0.6,497,41.5,121,10.1
Bradford 010C,E01010764,761,100,36,4.7,65,8.5,143,18.8,87,11.4,27,3.5,5,0.7,6,0.8,9,1.2,305,40.1,78,10.2
Bradford 010D,E01010765,1092,100,97,8.9,135,12.4,207,19,116,10.6,56,5.1,5,0.5,3,0.3,7,0.6,334,30.6,132,12.1
Bradford 010E,E01010766,574,100,26,4.5,59,10.3,107,18.6,74,12.9,16,2.8,0,0,1,0.2,2,0.3,228,39.7,61,10.6
Bradford 011A,E01010711,516,100,104,20.2,25,4.8,125,24.2,98,19,29,5.6,6,1.2,10,1.9,1,0.2,48,9.3,70,13.6
Bradford 011B,E01010713,588,100,144,24.5,63,10.7,83,14.1,79,13.4,19,3.2,6,1,5,0.9,2,0.3,95,16.2,92,15.6
Bradford 011C,E01010714,641,100,134,20.9,81,12.6,100,15.6,93,14.5,22,3.4,4,0.6,2,0.3,2,0.3,93,14.5,110,17.2
Bradford 011D,E01010716,890,100,104,11.7,151,17,142,16,125,14,20,2.2,8,0.9,6,0.7,7,0.8,175,19.7,152,17.1
Bradford 012A,E01010715,451,100,74,16.4,69,15.3,75,16.6,88,19.5,16,3.5,8,1.8,1,0.2,5,1.1,64,14.2,51,11.3
Bradford 012B,E01010717,719,100,155,21.6,134,18.6,111,15.4,112,15.6,24,3.3,5,0.7,2,0.3,9,1.3,80,11.1,87,12.1
Bradford 012C,E01010718,564,100,48,8.5,139,24.6,95,16.8,75,13.3,13,2.3,3,0.5,4,0.7,6,1.1,89,15.8,92,16.3
Bradford 012D,E01010726,680,100,85,12.5,119,17.5,47,6.9,129,19,28,4.1,8,1.2,6,0.9,1,0.1,158,23.2,99,14.6
Bradford 012E,E01010859,854,100,96,11.2,158,18.5,99,11.6,137,16,27,3.2,6,0.7,5,0.6,18,2.1,174,20.4,134,15.7
Bradford 013A,E01010573,890,100,80,9,75,8.4,170,19.1,88,9.9,18,2,3,0.3,7,0.8,4,0.4,320,36,125,14
Bradford 013B,E01010574,595,100,29,4.9,66,11.1,101,17,51,8.6,19,3.2,1,0.2,3,0.5,2,0.3,245,41.2,78,13.1
Bradford 013C,E01010575,696,100,63,9.1,96,13.8,132,19,60,8.6,18,2.6,3,0.4,3,0.4,1,0.1,214,30.7,106,15.2
Bradford 013D,E01010577,744,100,73,9.8,68,9.1,131,17.6,70,9.4,11,1.5,3,0.4,4,0.5,5,0.7,295,39.7,84,11.3
Bradford 014A,E01010722,629,100,83,13.2,134,21.3,38,6,98,15.6,17,2.7,12,1.9,3,0.5,5,0.8,122,19.4,117,18.6
Bradford 014B,E01010860,903,100,48,5.3,158,17.5,95,10.5,147,16.3,27,3,7,0.8,5,0.6,3,0.3,274,30.3,139,15.4
Bradford 014C,E01010862,865,100,32,3.7,134,15.5,128,14.8,146,16.9,29,3.4,9,1,3,0.3,8,0.9,218,25.2,158,18.3
Bradford 014D,E01010863,714,100,35,4.9,125,17.5,81,11.3,112,15.7,29,4.1,7,1,6,0.8,4,0.6,203,28.4,112,15.7
Bradford 015A,E01010578,824,100,61,7.4,95,11.5,138,16.7,69,8.4,25,3,1,0.1,6,0.7,6,0.7,334,40.5,89,10.8
Bradford 015B,E01010581,828,100,72,8.7,73,8.8,169,20.4,89,10.7,19,2.3,2,0.2,5,0.6,3,0.4,297,35.9,99,12
Bradford 015C,E01010582,898,100,98,10.9,78,8.7,180,20,108,12,21,2.3,3,0.3,0,0,6,0.7,308,34.3,96,10.7
Bradford 015D,E01010584,883,100,87,9.9,83,9.4,177,20,109,12.3,21,2.4,4,0.5,4,0.5,9,1,268,30.4,121,13.7
Bradford 015E,E01010585,906,100,91,10,82,9.1,186,20.5,93,10.3,26,2.9,3,0.3,4,0.4,2,0.2,325,35.9,94,10.4
Bradford 016A,E01010568,801,100,76,9.5,94,11.7,128,16,88,11,22,2.7,0,0,0,0,5,0.6,285,35.6,103,12.9
Bradford 016B,E01010569,754,100,115,15.3,88,11.7,131,17.4,66,8.8,10,1.3,4,0.5,5,0.7,3,0.4,212,28.1,120,15.9
Bradford 016C,E01010571,935,100,134,14.3,95,10.2,159,17,98,10.5,24,2.6,8,0.9,3,0.3,4,0.4,267,28.6,143,15.3
Bradford 016D,E01010572,736,100,103,14,80,10.9,103,14,64,8.7,20,2.7,1,0.1,0,0,0,0,255,34.6,110,14.9
Bradford 016E,E01010576,747,100,51,6.8,91,12.2,127,17,79,10.6,17,2.3,1,0.1,1,0.1,4,0.5,293,39.2,83,11.1
Bradford 017A,E01010683,1435,100,52,3.6,142,9.9,229,16,183,12.8,27,1.9,4,0.3,11,0.8,13,0.9,624,43.5,150,10.5
Bradford 017B,E01010684,740,100,66,8.9,95,12.8,135,18.2,76,10.3,16,2.2,0,0,1,0.1,3,0.4,230,31.1,118,15.9
Bradford 017C,E01010685,853,100,64,7.5,107,12.5,133,15.6,100,11.7,18,2.1,2,0.2,9,1.1,9,1.1,291,34.1,120,14.1
Bradford 017D,E01010686,845,100,66,7.8,130,15.4,121,14.3,107,12.7,20,2.4,0,0,2,0.2,5,0.6,272,32.2,122,14.4
Bradford 018A,E01010570,658,100,37,5.6,64,9.7,106,16.1,57,8.7,14,2.1,3,0.5,3,0.5,2,0.3,304,46.2,68,10.3
Bradford 018B,E01010583,508,100,64,12.6,78,15.4,89,17.5,49,9.6,7,1.4,0,0,1,0.2,6,1.2,143,28.1,71,14
Bradford 018C,E01010784,844,100,79,9.4,112,13.3,134,15.9,93,11,23,2.7,2,0.2,3,0.4,4,0.5,312,37,82,9.7
Bradford 018D,E01010785,866,100,65,7.5,113,13,122,14.1,76,8.8,20,2.3,0,0,8,0.9,4,0.5,387,44.7,71,8.2
Bradford 018E,E01010786,632,100,26,4.1,86,13.6,75,11.9,56,8.9,19,3,0,0,7,1.1,4,0.6,292,46.2,67,10.6
Bradford 018F,E01010790,726,100,53,7.3,108,14.9,102,14,51,7,17,2.3,8,1.1,5,0.7,6,0.8,310,42.7,66,9.1
Bradford 019A,E01010680,608,100,67,11,114,18.8,146,24,69,11.3,14,2.3,1,0.2,2,0.3,8,1.3,104,17.1,83,13.7
Bradford 019B,E01010681,804,100,87,10.8,125,15.5,128,15.9,92,11.4,9,1.1,3,0.4,5,0.6,10,1.2,246,30.6,99,12.3
Bradford 019C,E01010682,602,100,84,14,106,17.6,113,18.8,59,9.8,10,1.7,2,0.3,3,0.5,7,1.2,128,21.3,90,15
Bradford 019D,E01010687,992,100,75,7.6,144,14.5,136,13.7,121,12.2,27,2.7,5,0.5,4,0.4,9,0.9,361,36.4,110,11.1
Bradford 019E,E01010688,1037,100,108,10.4,179,17.3,180,17.4,123,11.9,19,1.8,1,0.1,5,0.5,7,0.7,269,25.9,146,14.1
Bradford 019F,E01010689,1121,100,96,8.6,139,12.4,182,16.2,123,11,23,2.1,6,0.5,7,0.6,10,0.9,400,35.7,135,12
Bradford 019G,E01010690,909,100,118,13,171,18.8,115,12.7,91,10,19,2.1,2,0.2,4,0.4,5,0.6,265,29.2,119,13.1
Bradford 020B,E01010782,994,100,120,12.1,170,17.1,143,14.4,117,11.8,24,2.4,5,0.5,4,0.4,6,0.6,282,28.4,123,12.4
Bradford 020C,E01010787,716,100,77,10.8,109,15.2,75,10.5,64,8.9,14,2,1,0.1,3,0.4,3,0.4,310,43.3,60,8.4
Bradford 020D,E01010788,681,100,73,10.7,91,13.4,68,10,69,10.1,11,1.6,2,0.3,5,0.7,4,0.6,290,42.6,68,10
Bradford 020E,E01033689,676,100,75,11.1,88,13,100,14.8,52,7.7,17,2.5,1,0.1,3,0.4,6,0.9,302,44.7,32,4.7
Bradford 020F,E01033694,594,100,64,10.8,54,9.1,65,10.9,69,11.6,14,2.4,0,0,4,0.7,2,0.3,271,45.6,51,8.6
Bradford 021A,E01010776,699,100,103,14.7,159,22.7,88,12.6,74,10.6,18,2.6,3,0.4,1,0.1,7,1,143,20.5,103,14.7
Bradford 021B,E01010777,614,100,94,15.3,133,21.7,92,15,77,12.5,7,1.1,1,0.2,2,0.3,3,0.5,144,23.5,61,9.9
Bradford 021C,E01010779,698,100,102,14.6,99,14.2,136,19.5,77,11,9,1.3,0,0,3,0.4,4,0.6,163,23.4,105,15
Bradford 021D,E01010781,633,100,101,16,109,17.2,109,17.2,66,10.4,17,2.7,1,0.2,6,0.9,4,0.6,128,20.2,92,14.5
Bradford 021E,E01010783,759,100,93,12.3,159,20.9,93,12.3,71,9.4,23,3,7,0.9,6,0.8,3,0.4,192,25.3,112,14.8
Bradford 022A,E01010586,755,100,32,4.2,103,13.6,118,15.6,71,9.4,36,4.8,8,1.1,2,0.3,4,0.5,293,38.8,88,11.7
Bradford 022B,E01010587,1047,100,46,4.4,157,15,195,18.6,124,11.8,29,2.8,3,0.3,5,0.5,8,0.8,351,33.5,129,12.3
Bradford 022C,E01010588,732,100,31,4.2,104,14.2,139,19,86,11.7,20,2.7,3,0.4,4,0.5,3,0.4,255,34.8,87,11.9
Bradford 022D,E01010589,655,100,26,4,81,12.4,144,22,71,10.8,27,4.1,6,0.9,3,0.5,5,0.8,216,33,76,11.6
Bradford 022E,E01010591,668,100,47,7,136,20.4,149,22.3,75,11.2,23,3.4,2,0.3,2,0.3,5,0.7,139,20.8,90,13.5
Bradford 022F,E01010593,850,100,34,4,100,11.8,199,23.4,110,12.9,28,3.3,2,0.2,3,0.4,9,1.1,257,30.2,108,12.7
Bradford 022G,E01010596,666,100,47,7.1,103,15.5,116,17.4,64,9.6,19,2.9,1,0.2,0,0,6,0.9,219,32.9,91,13.7
Bradford 023A,E01010854,909,100,63,6.9,114,12.5,146,16.1,136,15,40,4.4,11,1.2,2,0.2,8,0.9,253,27.8,136,15
Bradford 023B,E01010855,787,100,34,4.3,69,8.8,107,13.6,149,18.9,31,3.9,12,1.5,11,1.4,8,1,253,32.1,113,14.4
Bradford 023C,E01010856,743,100,59,7.9,51,6.9,144,19.4,135,18.2,21,2.8,13,1.7,3,0.4,4,0.5,212,28.5,101,13.6
Bradford 023D,E01010857,755,100,30,4,31,4.1,120,15.9,135,17.9,22,2.9,6,0.8,5,0.7,8,1.1,269,35.6,129,17.1
Bradford 023E,E01010858,850,100,22,2.6,42,4.9,157,18.5,187,22,23,2.7,8,0.9,19,2.2,9,1.1,252,29.6,131,15.4
Bradford 023F,E01010861,885,100,54,6.1,133,15,113,12.8,168,19,23,2.6,6,0.7,2,0.2,3,0.3,257,29,126,14.2
Bradford 024A,E01010603,722,100,86,11.9,184,25.5,83,11.5,75,10.4,11,1.5,1,0.1,9,1.2,7,1,154,21.3,112,15.5
Bradford 024B,E01010604,803,100,82,10.2,183,22.8,114,14.2,78,9.7,18,2.2,4,0.5,4,0.5,7,0.9,188,23.4,125,15.6
Bradford 024C,E01010605,632,100,92,14.6,189,29.9,78,12.3,62,9.8,16,2.5,1,0.2,0,0,5,0.8,91,14.4,98,15.5
Bradford 024D,E01010775,860,100,92,10.7,181,21,111,12.9,84,9.8,13,1.5,1,0.1,1,0.1,6,0.7,246,28.6,125,14.5
Bradford 024E,E01010778,889,100,119,13.4,233,26.2,103,11.6,72,8.1,18,2,5,0.6,7,0.8,10,1.1,191,21.5,131,14.7
Bradford 025A,E01010789,729,100,72,9.9,158,21.7,71,9.7,72,9.9,6,0.8,1,0.1,3,0.4,5,0.7,241,33.1,100,13.7
Bradford 025B,E01010791,731,100,61,8.3,186,25.4,71,9.7,66,9,13,1.8,6,0.8,4,0.5,5,0.7,202,27.6,117,16
Bradford 025C,E01010792,698,100,84,12,174,24.9,80,11.5,79,11.3,20,2.9,1,0.1,4,0.6,7,1,153,21.9,96,13.8
Bradford 025D,E01010793,723,100,95,13.1,190,26.3,52,7.2,99,13.7,14,1.9,1,0.1,7,1,7,1,187,25.9,71,9.8
Bradford 026A,E01010652,730,100,94,12.9,154,21.1,100,13.7,85,11.6,5,0.7,5,0.7,10,1.4,8,1.1,151,20.7,118,16.2
Bradford 026B,E01010653,785,100,89,11.3,191,24.3,139,17.7,69,8.8,13,1.7,2,0.3,3,0.4,8,1,159,20.3,112,14.3
Bradford 026C,E01010655,547,100,103,18.8,121,22.1,75,13.7,40,7.3,8,1.5,2,0.4,2,0.4,1,0.2,108,19.7,87,15.9
Bradford 026D,E01010656,695,100,74,10.6,185,26.6,87,12.5,70,10.1,11,1.6,5,0.7,6,0.9,3,0.4,151,21.7,103,14.8
Bradford 026E,E01010657,682,100,90,13.2,159,23.3,95,13.9,72,10.6,18,2.6,2,0.3,2,0.3,4,0.6,144,21.1,96,14.1
Bradford 027A,E01010649,714,100,98,13.7,166,23.2,123,17.2,76,10.6,9,1.3,4,0.6,2,0.3,4,0.6,124,17.4,108,15.1
Bradford 027B,E01010650,803,100,70,8.7,174,21.7,191,23.8,94,11.7,15,1.9,5,0.6,5,0.6,6,0.7,125,15.6,118,14.7
Bradford 027C,E01010654,697,100,92,13.2,143,20.5,153,22,64,9.2,19,2.7,2,0.3,7,1,2,0.3,93,13.3,122,17.5
Bradford 027D,E01010826,492,100,54,11,141,28.7,78,15.9,46,9.3,11,2.2,9,1.8,4,0.8,3,0.6,73,14.8,73,14.8
Bradford 028A,E01010597,704,100,81,11.5,183,26,70,9.9,79,11.2,20,2.8,3,0.4,8,1.1,4,0.6,150,21.3,106,15.1
Bradford 028B,E01010598,721,100,82,11.4,190,26.4,53,7.4,83,11.5,13,1.8,7,1,1,0.1,6,0.8,169,23.4,117,16.2
Bradford 028C,E01010599,585,100,61,10.4,129,22.1,56,9.6,66,11.3,14,2.4,0,0,7,1.2,5,0.9,157,26.8,90,15.4
Bradford 028D,E01010600,535,100,65,12.1,154,28.8,41,7.7,57,10.7,7,1.3,9,1.7,7,1.3,3,0.6,108,20.2,84,15.7
Bradford 028E,E01010602,710,100,99,13.9,164,23.1,50,7,86,12.1,12,1.7,6,0.8,8,1.1,1,0.1,178,25.1,106,14.9
Bradford 029A,E01010670,656,100,97,14.8,150,22.9,50,7.6,56,8.5,14,2.1,6,0.9,8,1.2,11,1.7,191,29.1,73,11.1
Bradford 029B,E01010671,632,100,107,16.9,125,19.8,68,10.8,59,9.3,14,2.2,4,0.6,5,0.8,10,1.6,147,23.3,93,14.7
Bradford 029C,E01010673,638,100,136,21.3,114,17.9,58,9.1,58,9.1,10,1.6,4,0.6,3,0.5,2,0.3,150,23.5,103,16.1
Bradford 029D,E01010675,758,100,111,14.6,159,21,73,9.6,65,8.6,8,1.1,5,0.7,13,1.7,14,1.8,205,27,105,13.9
Bradford 030A,E01010669,764,100,46,6,194,25.4,141,18.5,83,10.9,15,2,8,1,8,1,5,0.7,143,18.7,121,15.8
Bradford 030B,E01010674,706,100,77,10.9,166,23.5,91,12.9,57,8.1,20,2.8,13,1.8,7,1,3,0.4,132,18.7,140,19.8
Bradford 030D,E01010805,641,100,87,13.6,153,23.9,81,12.6,54,8.4,11,1.7,3,0.5,8,1.2,12,1.9,142,22.2,90,14
Bradford 030E,E01033898,492,100,84,17.1,105,21.3,47,9.6,40,8.1,8,1.6,5,1,12,2.4,4,0.8,95,19.3,92,18.7
Bradford 030F,E01033899,359,100,65,18.1,74,20.6,44,12.3,31,8.6,4,1.1,4,1.1,1,0.3,3,0.8,54,15,79,22
Bradford 031A,E01010590,1103,100,41,3.7,99,9,201,18.2,171,15.5,36,3.3,10,0.9,6,0.5,5,0.5,368,33.4,166,15
Bradford 031B,E01010592,732,100,27,3.7,91,12.4,152,20.8,96,13.1,30,4.1,13,1.8,2,0.3,6,0.8,204,27.9,111,15.2
Bradford 031C,E01010594,826,100,24,2.9,45,5.4,241,29.2,129,15.6,25,3,7,0.8,4,0.5,7,0.8,211,25.5,133,16.1
Bradford 031D,E01010595,1061,100,21,2,43,4.1,314,29.6,149,14,46,4.3,11,1,3,0.3,9,0.8,261,24.6,204,19.2
Bradford 032A,E01010601,833,100,87,10.4,247,29.7,85,10.2,75,9,18,2.2,6,0.7,3,0.4,5,0.6,181,21.7,126,15.1
Bradford 032B,E01010651,781,100,82,10.5,197,25.2,81,10.4,80,10.2,20,2.6,3,0.4,3,0.4,6,0.8,195,25,114,14.6
Bradford 032C,E01010825,684,100,71,10.4,175,25.6,68,9.9,61,8.9,10,1.5,3,0.4,5,0.7,9,1.3,167,24.4,115,16.8
Bradford 032D,E01010827,598,100,72,12,174,29.1,72,12,55,9.2,11,1.8,4,0.7,5,0.8,3,0.5,107,17.9,95,15.9
Bradford 033A,E01010804,815,100,141,17.3,154,18.9,79,9.7,76,9.3,14,1.7,7,0.9,1,0.1,8,1,166,20.4,169,20.7
Bradford 033B,E01010806,620,100,140,22.6,123,19.8,48,7.7,58,9.4,14,2.3,2,0.3,8,1.3,7,1.1,110,17.7,110,17.7
Bradford 033C,E01010807,828,100,172,20.8,172,20.8,76,9.2,92,11.1,8,1,4,0.5,8,1,8,1,165,19.9,123,14.9
Bradford 033D,E01010808,670,100,177,26.4,130,19.4,47,7,76,11.3,23,3.4,5,0.7,5,0.7,9,1.3,91,13.6,107,16
Bradford 033E,E01010809,666,100,196,29.4,107,16.1,55,8.3,47,7.1,10,1.5,0,0,8,1.2,3,0.5,106,15.9,134,20.1
Bradford 034A,E01010676,768,100,190,24.7,139,18.1,70,9.1,78,10.2,12,1.6,3,0.4,9,1.2,4,0.5,140,18.2,123,16
Bradford 034B,E01010679,659,100,161,24.4,132,20,41,6.2,67,10.2,13,2,4,0.6,7,1.1,12,1.8,129,19.6,93,14.1
Bradford 034C,E01010824,686,100,100,14.6,175,25.5,52,7.6,88,12.8,19,2.8,2,0.3,11,1.6,8,1.2,136,19.8,95,13.8
Bradford 034D,E01010840,482,100,138,28.6,74,15.4,26,5.4,45,9.3,5,1,1,0.2,2,0.4,9,1.9,80,16.6,102,21.2
Bradford 034E,E01010841,650,100,171,26.3,114,17.5,36,5.5,54,8.3,14,2.2,3,0.5,5,0.8,12,1.8,149,22.9,92,14.2
Bradford 035A,E01010828,616,100,96,15.6,164,26.6,74,12,47,7.6,10,1.6,6,1,4,0.6,11,1.8,117,19,87,14.1
Bradford 035B,E01010829,530,100,94,17.7,140,26.4,30,5.7,61,11.5,10,1.9,8,1.5,3,0.6,8,1.5,94,17.7,82,15.5
Bradford 035C,E01010830,726,100,120,16.5,181,24.9,63,8.7,98,13.5,20,2.8,1,0.1,3,0.4,4,0.6,113,15.6,123,16.9
Bradford 035D,E01010831,737,100,127,17.2,182,24.7,62,8.4,77,10.4,17,2.3,10,1.4,9,1.2,14,1.9,110,14.9,129,17.5
Bradford 035E,E01010832,706,100,138,19.5,164,23.2,52,7.4,81,11.5,12,1.7,10,1.4,8,1.1,11,1.6,118,16.7,112,15.9
Bradford 036A,E01010672,669,100,24,3.6,148,22.1,134,20,55,8.2,16,2.4,3,0.4,3,0.4,4,0.6,187,28,95,14.2
Bradford 036B,E01010678,548,100,23,4.2,119,21.7,101,18.4,40,7.3,17,3.1,2,0.4,7,1.3,2,0.4,169,30.8,68,12.4
Bradford 036C,E01010799,633,100,52,8.2,152,24,122,19.3,53,8.4,18,2.8,2,0.3,8,1.3,6,0.9,144,22.7,76,12
Bradford 036D,E01010800,565,100,102,18.1,157,27.8,100,17.7,44,7.8,15,2.7,7,1.2,3,0.5,8,1.4,62,11,67,11.9
Bradford 036E,E01010801,725,100,109,15,140,19.3,94,13,68,9.4,18,2.5,3,0.4,6,0.8,6,0.8,141,19.4,140,19.3
Bradford 036F,E01010802,810,100,62,7.7,246,30.4,168,20.7,70,8.6,19,2.3,2,0.2,4,0.5,4,0.5,130,16,105,13
Bradford 037A,E01010803,580,100,140,24.1,124,21.4,61,10.5,57,9.8,12,2.1,6,1,3,0.5,6,1,61,10.5,110,19
Bradford 037B,E01010810,763,100,191,25,150,19.7,73,9.6,59,7.7,10,1.3,8,1,14,1.8,10,1.3,142,18.6,106,13.9
Bradford 037C,E01010811,666,100,170,25.5,130,19.5,55,8.3,75,11.3,6,0.9,8,1.2,8,1.2,2,0.3,95,14.3,117,17.6
Bradford 037D,E01010813,523,100,150,28.7,102,19.5,34,6.5,41,7.8,8,1.5,5,1,3,0.6,3,0.6,69,13.2,108,20.7
Bradford 038A,E01010618,605,100,98,16.2,134,22.1,83,13.7,60,9.9,9,1.5,3,0.5,3,0.5,4,0.7,82,13.6,129,21.3
Bradford 038B,E01010619,756,100,139,18.4,181,23.9,66,8.7,62,8.2,10,1.3,5,0.7,5,0.7,12,1.6,151,20,125,16.5
Bradford 038C,E01010625,500,100,96,19.2,114,22.8,55,11,40,8,8,1.6,3,0.6,7,1.4,13,2.6,71,14.2,93,18.6
Bradford 038D,E01010626,681,100,102,15,156,22.9,61,9,71,10.4,15,2.2,4,0.6,7,1,7,1,136,20,122,17.9
Bradford 038E,E01010627,632,100,71,11.2,147,23.3,85,13.4,77,12.2,10,1.6,1,0.2,9,1.4,14,2.2,118,18.7,100,15.8
Bradford 040A,E01010628,680,100,138,20.3,142,20.9,84,12.4,48,7.1,17,2.5,5,0.7,7,1,3,0.4,122,17.9,114,16.8
Bradford 040B,E01010629,811,100,171,21.1,154,19,77,9.5,79,9.7,20,2.5,3,0.4,9,1.1,12,1.5,152,18.7,134,16.5
Bradford 040C,E01010630,695,100,167,24,124,17.8,88,12.7,58,8.3,23,3.3,4,0.6,1,0.1,2,0.3,143,20.6,85,12.2
Bradford 040D,E01010631,516,100,103,20,131,25.4,72,14,32,6.2,9,1.7,6,1.2,2,0.4,1,0.2,78,15.1,82,15.9
Bradford 040E,E01010632,489,100,118,24.1,120,24.5,74,15.1,42,8.6,3,0.6,3,0.6,3,0.6,13,2.7,59,12.1,54,11
Bradford 041A,E01010658,660,100,177,26.8,126,19.1,54,8.2,61,9.2,13,2,1,0.2,1,0.2,4,0.6,106,16.1,117,17.7
Bradford 041B,E01010812,594,100,192,32.3,87,14.6,33,5.6,62,10.4,10,1.7,3,0.5,3,0.5,6,1,74,12.5,124,20.9
Bradford 041C,E01010833,566,100,155,27.4,93,16.4,27,4.8,54,9.5,1,0.2,5,0.9,16,2.8,3,0.5,99,17.5,113,20
Bradford 041D,E01010843,551,100,166,30.1,110,20,16,2.9,60,10.9,10,1.8,11,2,4,0.7,8,1.5,93,16.9,73,13.2
Bradford 042A,E01010620,582,100,106,18.2,145,24.9,68,11.7,55,9.5,5,0.9,1,0.2,6,1,4,0.7,79,13.6,113,19.4
Bradford 042B,E01010621,716,100,158,22.1,165,23,53,7.4,86,12,12,1.7,3,0.4,12,1.7,7,1,91,12.7,129,18
Bradford 042C,E01010622,698,100,132,18.9,151,21.6,75,10.7,67,9.6,16,2.3,4,0.6,9,1.3,9,1.3,95,13.6,140,20.1
Bradford 042D,E01010623,478,100,78,16.3,87,18.2,58,12.1,59,12.3,9,1.9,3,0.6,5,1,3,0.6,76,15.9,100,20.9
Bradford 042E,E01010624,581,100,118,20.3,135,23.2,48,8.3,45,7.7,4,0.7,3,0.5,2,0.3,5,0.9,80,13.8,141,24.3
Bradford 043A,E01010794,777,100,52,6.7,233,30,134,17.2,67,8.6,23,3,2,0.3,2,0.3,5,0.6,162,20.8,97,12.5
Bradford 043B,E01010795,989,100,42,4.2,106,10.7,270,27.3,87,8.8,36,3.6,9,0.9,7,0.7,5,0.5,291,29.4,136,13.8
Bradford 043C,E01010796,675,100,52,7.7,101,15,181,26.8,59,8.7,18,2.7,4,0.6,2,0.3,5,0.7,163,24.1,90,13.3
Bradford 043D,E01010797,790,100,34,4.3,98,12.4,182,23,73,9.2,19,2.4,2,0.3,4,0.5,11,1.4,239,30.3,128,16.2
Bradford 043E,E01010798,682,100,32,4.7,106,15.5,173,25.4,40,5.9,20,2.9,1,0.1,4,0.6,6,0.9,199,29.2,101,14.8
Bradford 044A,E01010834,885,100,180,20.3,181,20.5,78,8.8,106,12,22,2.5,11,1.2,15,1.7,16,1.8,141,15.9,135,15.3
Bradford 044C,E01010836,659,100,152,23.1,138,20.9,37,5.6,62,9.4,8,1.2,4,0.6,6,0.9,5,0.8,116,17.6,131,19.9
Bradford 044D,E01010837,634,100,154,24.3,133,21,48,7.6,59,9.3,12,1.9,5,0.8,1,0.2,6,0.9,103,16.2,113,17.8
Bradford 044E,E01010838,619,100,157,25.4,153,24.7,46,7.4,41,6.6,26,4.2,4,0.6,8,1.3,5,0.8,94,15.2,85,13.7
Bradford 044F,E01010839,466,100,119,25.5,96,20.6,23,4.9,47,10.1,6,1.3,3,0.6,3,0.6,9,1.9,55,11.8,105,22.5
Bradford 044G,E01033900,433,100,119,27.5,64,14.8,23,5.3,54,12.5,11,2.5,2,0.5,4,0.9,3,0.7,72,16.6,81,18.7
Bradford 044H,E01033901,520,100,132,25.4,86,16.5,39,7.5,70,13.5,15,2.9,3,0.6,4,0.8,0,0,88,16.9,83,16
Bradford 045A,E01010608,508,100,105,20.7,114,22.4,32,6.3,65,12.8,19,3.7,2,0.4,22,4.3,8,1.6,57,11.2,84,16.5
Bradford 045B,E01010613,597,100,148,24.8,113,18.9,69,11.6,58,9.7,6,1,3,0.5,2,0.3,5,0.8,106,17.8,87,14.6
Bradford 045C,E01010730,351,100,77,21.9,87,24.8,36,10.3,47,13.4,7,2,7,2,0,0,3,0.9,39,11.1,48,13.7
Bradford 045D,E01010734,502,100,104,20.7,124,24.7,44,8.8,52,10.4,7,1.4,1,0.2,1,0.2,4,0.8,65,12.9,100,19.9
Bradford 046A,E01010609,624,100,127,20.4,124,19.9,77,12.3,57,9.1,10,1.6,7,1.1,2,0.3,5,0.8,107,17.1,108,17.3
Bradford 046B,E01010610,719,100,113,15.7,167,23.2,118,16.4,84,11.7,5,0.7,4,0.6,4,0.6,9,1.3,121,16.8,94,13.1
Bradford 046C,E01010611,823,100,152,18.5,184,22.4,129,15.7,73,8.9,9,1.1,2,0.2,3,0.4,5,0.6,135,16.4,131,15.9
Bradford 046D,E01010614,589,100,121,20.5,130,22.1,85,14.4,54,9.2,4,0.7,1,0.2,9,1.5,3,0.5,96,16.3,86,14.6
Bradford 047A,E01010633,695,100,67,9.6,170,24.5,95,13.7,60,8.6,16,2.3,3,0.4,2,0.3,4,0.6,177,25.5,101,14.5
Bradford 047B,E01010634,793,100,52,6.6,139,17.5,168,21.2,82,10.3,20,2.5,5,0.6,5,0.6,6,0.8,208,26.2,108,13.6
Bradford 047C,E01010635,443,100,43,9.7,137,30.9,70,15.8,40,9,9,2,1,0.2,3,0.7,6,1.4,70,15.8,64,14.4
Bradford 047D,E01010636,837,100,39,4.7,152,18.2,152,18.2,88,10.5,13,1.6,8,1,13,1.6,8,1,252,30.1,112,13.4
Bradford 047E,E01010637,736,100,54,7.3,185,25.1,127,17.3,63,8.6,11,1.5,5,0.7,7,1,8,1.1,156,21.2,120,16.3
Bradford 048A,E01010731,506,100,111,21.9,132,26.1,51,10.1,49,9.7,3,0.6,7,1.4,7,1.4,2,0.4,75,14.8,69,13.6
Bradford 048B,E01010732,482,100,106,22,110,22.8,47,9.8,40,8.3,9,1.9,8,1.7,4,0.8,4,0.8,85,17.6,69,14.3
Bradford 048C,E01010733,474,100,115,24.3,93,19.6,29,6.1,43,9.1,9,1.9,3,0.6,5,1.1,9,1.9,91,19.2,77,16.2
Bradford 048D,E01010736,611,100,157,25.7,143,23.4,50,8.2,63,10.3,12,2,2,0.3,5,0.8,10,1.6,75,12.3,94,15.4
Bradford 048E,E01010737,477,100,129,27,118,24.7,39,8.2,45,9.4,6,1.3,4,0.8,3,0.6,4,0.8,53,11.1,76,15.9
Bradford 049A,E01010659,542,100,109,20.1,139,25.6,59,10.9,49,9,10,1.8,4,0.7,7,1.3,5,0.9,67,12.4,93,17.2
Bradford 049D,E01010662,609,100,89,14.6,148,24.3,72,11.8,49,8,7,1.1,1,0.2,1,0.2,4,0.7,140,23,98,16.1
Bradford 049E,E01010664,619,100,62,10,157,25.4,69,11.1,58,9.4,10,1.6,1,0.2,3,0.5,5,0.8,141,22.8,113,18.3
Bradford 049G,E01010761,686,100,46,6.7,194,28.3,107,15.6,55,8,9,1.3,2,0.3,7,1,4,0.6,168,24.5,94,13.7
Bradford 049H,E01033695,1042,100,65,6.2,224,21.5,183,17.6,103,9.9,19,1.8,4,0.4,8,0.8,9,0.9,300,28.8,127,12.2
Bradford 049I,E01033696,820,100,48,5.9,155,18.9,194,23.7,82,10,17,2.1,6,0.7,4,0.5,4,0.5,191,23.3,119,14.5
Bradford 049J,E01033697,938,100,214,22.8,237,25.3,83,8.8,93,9.9,12,1.3,6,0.6,8,0.9,12,1.3,126,13.4,147,15.7
Bradford 050A,E01010663,602,100,88,14.6,180,29.9,59,9.8,71,11.8,7,1.2,1,0.2,2,0.3,3,0.5,91,15.1,100,16.6
Bradford 050B,E01010665,720,100,82,11.4,213,29.6,68,9.4,84,11.7,9,1.2,5,0.7,6,0.8,5,0.7,173,24,75,10.4
Bradford 050C,E01010666,476,100,93,19.5,117,24.6,71,14.9,46,9.7,9,1.9,2,0.4,2,0.4,4,0.8,66,13.9,66,13.9
Bradford 050D,E01010667,598,100,84,14,165,27.6,61,10.2,67,11.2,10,1.7,3,0.5,6,1,5,0.8,92,15.4,105,17.6
Bradford 051A,E01010735,474,100,92,19.4,149,31.4,35,7.4,43,9.1,6,1.3,3,0.6,5,1.1,5,1.1,47,9.9,89,18.8
Bradford 051B,E01010738,628,100,116,18.5,157,25,49,7.8,70,11.1,11,1.8,4,0.6,3,0.5,5,0.8,108,17.2,105,16.7
Bradford 051C,E01010739,496,100,90,18.1,160,32.3,41,8.3,44,8.9,4,0.8,3,0.6,4,0.8,9,1.8,61,12.3,80,16.1
Bradford 051D,E01010740,620,100,114,18.4,153,24.7,59,9.5,61,9.8,15,2.4,8,1.3,16,2.6,15,2.4,74,11.9,105,16.9
Bradford 051E,E01010744,590,100,121,20.5,159,26.9,44,7.5,63,10.7,8,1.4,3,0.5,8,1.4,5,0.8,90,15.3,89,15.1
Bradford 052A,E01010612,465,100,104,22.4,115,24.7,82,17.6,48,10.3,5,1.1,0,0,2,0.4,4,0.9,49,10.5,56,12
Bradford 052B,E01010819,466,100,114,24.5,115,24.7,81,17.4,42,9,11,2.4,2,0.4,1,0.2,2,0.4,47,10.1,51,10.9
Bradford 052C,E01010820,407,100,90,22.1,84,20.6,77,18.9,38,9.3,14,3.4,2,0.5,1,0.2,7,1.7,44,10.8,50,12.3
Bradford 052D,E01010821,705,100,118,16.7,166,23.5,137,19.4,60,8.5,20,2.8,16,2.3,6,0.9,6,0.9,90,12.8,86,12.2
Bradford 052E,E01010822,437,100,108,24.7,101,23.1,74,16.9,35,8,12,2.7,3,0.7,4,0.9,0,0,43,9.8,57,13
Bradford 053A,E01010615,581,100,134,23.1,111,19.1,70,12,59,10.2,9,1.5,4,0.7,3,0.5,3,0.5,106,18.2,82,14.1
Bradford 053B,E01010616,634,100,157,24.8,172,27.1,52,8.2,48,7.6,13,2.1,3,0.5,4,0.6,13,2.1,76,12,96,15.1
Bradford 053C,E01010742,641,100,136,21.2,203,31.7,46,7.2,67,10.5,8,1.2,4,0.6,1,0.2,10,1.6,77,12,89,13.9
Bradford 053D,E01010743,519,100,89,17.1,145,27.9,39,7.5,51,9.8,11,2.1,4,0.8,4,0.8,7,1.3,106,20.4,63,12.1
Bradford 054A,E01010847,752,100,83,11,221,29.4,73,9.7,64,8.5,11,1.5,5,0.7,7,0.9,4,0.5,157,20.9,127,16.9
Bradford 054B,E01010848,740,100,86,11.6,185,25,72,9.7,81,10.9,15,2,7,0.9,5,0.7,4,0.5,187,25.3,98,13.2
Bradford 054C,E01010852,701,100,111,15.8,230,32.8,56,8,78,11.1,8,1.1,7,1,8,1.1,6,0.9,104,14.8,93,13.3
Bradford 054D,E01010853,567,100,70,12.3,154,27.2,56,9.9,59,10.4,8,1.4,5,0.9,4,0.7,5,0.9,125,22,81,14.3
Bradford 055A,E01010668,599,100,65,10.9,175,29.2,59,9.8,68,11.4,9,1.5,2,0.3,3,0.5,2,0.3,124,20.7,92,15.4
Bradford 055B,E01010755,850,100,85,10,250,29.4,157,18.5,86,10.1,20,2.4,4,0.5,3,0.4,7,0.8,120,14.1,118,13.9
Bradford 055C,E01010762,669,100,72,10.8,178,26.6,81,12.1,74,11.1,12,1.8,4,0.6,0,0,2,0.3,143,21.4,103,15.4
Bradford 055D,E01010763,685,100,67,9.8,183,26.7,80,11.7,70,10.2,7,1,1,0.1,4,0.6,5,0.7,147,21.5,121,17.7
Bradford 055E,E01010846,947,100,104,11,240,25.3,128,13.5,72,7.6,14,1.5,3,0.3,7,0.7,5,0.5,216,22.8,158,16.7
Bradford 056A,E01010745,594,100,92,15.5,190,32,60,10.1,51,8.6,7,1.2,3,0.5,14,2.4,1,0.2,79,13.3,97,16.3
Bradford 056B,E01010747,674,100,102,15.1,165,24.5,77,11.4,49,7.3,20,3,4,0.6,2,0.3,9,1.3,142,21.1,104,15.4
Bradford 056C,E01010748,618,100,76,12.3,194,31.4,69,11.2,49,7.9,10,1.6,0,0,0,0,5,0.8,114,18.4,101,16.3
Bradford 056D,E01010749,560,100,94,16.8,143,25.5,60,10.7,44,7.9,7,1.2,0,0,2,0.4,8,1.4,107,19.1,95,17
Bradford 057A,E01010814,699,100,146,20.9,111,15.9,108,15.5,78,11.2,14,2,4,0.6,1,0.1,2,0.3,112,16,123,17.6
Bradford 057B,E01010815,1128,100,209,18.5,224,19.9,174,15.4,111,9.8,16,1.4,4,0.4,7,0.6,13,1.2,197,17.5,173,15.3
Bradford 057C,E01010816,1000,100,76,7.6,156,15.6,187,18.7,108,10.8,7,0.7,6,0.6,6,0.6,14,1.4,307,30.7,133,13.3
Bradford 057D,E01010817,1044,100,207,19.8,222,21.3,179,17.1,97,9.3,14,1.3,9,0.9,8,0.8,6,0.6,150,14.4,152,14.6
Bradford 057E,E01010818,1020,100,125,12.3,188,18.4,155,15.2,112,11,15,1.5,11,1.1,9,0.9,10,1,255,25,140,13.7
Bradford 058A,E01010752,1063,100,71,6.7,128,12,291,27.4,116,10.9,21,2,10,0.9,6,0.6,8,0.8,265,24.9,147,13.8
Bradford 058B,E01010753,580,100,31,5.3,60,10.3,130,22.4,66,11.4,20,3.4,0,0,1,0.2,2,0.3,161,27.8,109,18.8
Bradford 058C,E01010754,839,100,51,6.1,71,8.5,233,27.8,78,9.3,29,3.5,8,1,4,0.5,11,1.3,231,27.5,123,14.7
Bradford 058D,E01010756,938,100,44,4.7,111,11.8,241,25.7,103,11,25,2.7,6,0.6,6,0.6,9,1,243,25.9,150,16
Bradford 058E,E01010758,689,100,34,4.9,63,9.1,172,25,76,11,23,3.3,6,0.9,2,0.3,5,0.7,201,29.2,107,15.5
Bradford 058F,E01010759,750,100,51,6.8,59,7.9,225,30,72,9.6,17,2.3,6,0.8,2,0.3,2,0.3,191,25.5,125,16.7
Bradford 058G,E01010760,1026,100,51,5,112,10.9,251,24.5,119,11.6,26,2.5,5,0.5,5,0.5,12,1.2,286,27.9,159,15.5
Bradford 059A,E01010741,682,100,60,8.8,165,24.2,109,16,69,10.1,13,1.9,7,1,4,0.6,4,0.6,152,22.3,99,14.5
Bradford 059B,E01010845,779,100,88,11.3,227,29.1,136,17.5,90,11.6,5,0.6,5,0.6,4,0.5,9,1.2,89,11.4,126,16.2
Bradford 059C,E01010849,660,100,59,8.9,141,21.4,79,12,65,9.8,15,2.3,1,0.2,3,0.5,7,1.1,170,25.8,120,18.2
Bradford 059D,E01010850,503,100,62,12.3,127,25.2,89,17.7,42,8.3,7,1.4,3,0.6,4,0.8,6,1.2,70,13.9,93,18.5
Bradford 059E,E01010851,681,100,59,8.7,144,21.1,117,17.2,70,10.3,11,1.6,6,0.9,5,0.7,4,0.6,154,22.6,111,16.3
Bradford 059F,E01010864,563,100,39,6.9,109,19.4,113,20.1,81,14.4,21,3.7,1,0.2,3,0.5,7,1.2,108,19.2,81,14.4
Bradford 059G,E01010867,839,100,70,8.3,201,24,159,19,79,9.4,23,2.7,8,1,7,0.8,4,0.5,158,18.8,130,15.5
Bradford 059H,E01010874,624,100,68,10.9,125,20,144,23.1,63,10.1,19,3,1,0.2,2,0.3,3,0.5,110,17.6,89,14.3
Bradford 060A,E01010746,875,100,103,11.8,198,22.6,130,14.9,87,9.9,7,0.8,3,0.3,5,0.6,6,0.7,206,23.5,130,14.9
Bradford 060B,E01010750,732,100,97,13.3,168,23,108,14.8,59,8.1,12,1.6,5,0.7,4,0.5,2,0.3,151,20.6,126,17.2
Bradford 060C,E01010751,591,100,64,10.8,126,21.3,95,16.1,67,11.3,9,1.5,3,0.5,4,0.7,1,0.2,114,19.3,108,18.3
Bradford 060D,E01010865,773,100,73,9.4,153,19.8,135,17.5,78,10.1,19,2.5,6,0.8,6,0.8,13,1.7,180,23.3,110,14.2
Bradford 060E,E01010866,688,100,70,10.2,121,17.6,123,17.9,76,11,11,1.6,3,0.4,10,1.5,3,0.4,159,23.1,112,16.3
Bradford 061A,E01010868,632,100,73,11.6,114,18,124,19.6,78,12.3,10,1.6,4,0.6,3,0.5,3,0.5,129,20.4,94,14.9
Bradford 061B,E01010869,745,100,72,9.7,119,16,163,21.9,96,12.9,11,1.5,3,0.4,2,0.3,3,0.4,167,22.4,109,14.6
Bradford 061C,E01010870,670,100,58,8.7,102,15.2,125,18.7,93,13.9,15,2.2,1,0.1,5,0.7,4,0.6,164,24.5,103,15.4
Bradford 061D,E01010871,911,100,59,6.5,117,12.8,192,21.1,110,12.1,13,1.4,5,0.5,8,0.9,8,0.9,250,27.4,149,16.4
Bradford 061E,E01010872,652,100,44,6.7,98,15,164,25.2,67,10.3,12,1.8,9,1.4,13,2,7,1.1,142,21.8,96,14.7
Bradford 061F,E01010873,556,100,36,6.5,95,17.1,124,22.3,65,11.7,8,1.4,5,0.9,6,1.1,7,1.3,125,22.5,85,15.3
Bradford 062A,E01010638,690,100,63,9.1,60,8.7,124,18,69,10,37,5.4,11,1.6,4,0.6,9,1.3,200,29,113,16.4
Bradford 062B,E01010642,955,100,72,7.5,115,12,136,14.2,114,11.9,58,6.1,14,1.5,7,0.7,6,0.6,309,32.4,124,13
Bradford 062C,E01010645,940,100,154,16.4,80,8.5,124,13.2,102,10.9,45,4.8,8,0.9,7,0.7,10,1.1,313,33.3,97,10.3
Bradford 062D,E01010644,1045,100,202,19.3,53,5.1,148,14.2,127,12.2,53,5.1,26,2.5,4,0.4,9,0.9,271,25.9,152,14.5
Bradford 062E,E01010643,759,100,83,10.9,101,13.3,91,12,98,12.9,39,5.1,5,0.7,8,1.1,5,0.7,241,31.8,88,11.6
Bradford 063A,E01010640,934,100,108,11.6,111,11.9,188,20.1,96,10.3,35,3.7,13,1.4,2,0.2,3,0.3,223,23.9,155,16.6
Bradford 063B,E01010641,646,100,77,11.9,38,5.9,141,21.8,71,11,40,6.2,11,1.7,4,0.6,8,1.2,174,26.9,82,12.7
Bradford 063C,E01010639,982,100,70,7.1,108,11,164,16.7,131,13.3,56,5.7,10,1,5,0.5,4,0.4,277,28.2,157,16
Bradford 064A,E01033693,950,100,187,19.7,195,20.5,75,7.9,98,10.3,31,3.3,13,1.4,20,2.1,10,1.1,203,21.4,118,12.4
Bradford 064B,E01010617,390,100,80,20.5,79,20.3,26,6.7,40,10.3,15,3.8,4,1,8,2.1,8,2.1,65,16.7,65,16.7
Bradford 064C,E01010607,671,100,133,19.8,133,19.8,43,6.4,86,12.8,18,2.7,8,1.2,25,3.7,5,0.7,113,16.8,107,15.9
Bradford 064D,E01033692,560,100,82,14.6,100,17.9,35,6.2,39,7,2,0.4,3,0.5,4,0.7,7,1.2,230,41.1,58,10.4
Bradford 064E,E01010606,553,100,127,23,146,26.4,35,6.3,58,10.5,13,2.4,3,0.5,17,3.1,10,1.8,60,10.8,84,15.2
Bradford 065A,E01010842,624,100,130,20.8,119,19.1,31,5,60,9.6,19,3,4,0.6,8,1.3,14,2.2,122,19.6,117,18.8
Bradford 065B,E01033691,844,100,181,21.4,181,21.4,61,7.2,76,9,14,1.7,5,0.6,12,1.4,7,0.8,223,26.4,84,10
Bradford 065C,E01033690,994,100,162,16.3,232,23.3,71,7.1,99,10,10,1,9,0.9,3,0.3,15,1.5,316,31.8,77,7.7
,,,,,,,,,,,,,,,,,,,,,,,
,,,,,,,,,,,,,,,,,,,,,,,
,,,,,,,,,,,,,,,,,,,,,,,
,"In order to protect against disclosure of personal information, records",,,,,,,,,,,,,,,,,,,,,,
,have been swapped between different geographic areas and counts perturbed,,,,,,,,,,,,,,,,,,,,,,
,by small amounts. Small counts at the lowest geographies will be most,,,,,,,,,,,,,,,,,,,,,,
,affected.,,,,,,,,,,,,,,,,,,,,,,
,,,,,,,,,,,,,,,,,,,,,,,
,,,,,,,,,,,,,,,,,,,,,,,
,Census 2021 took place during a period of rapid change. We gave extra,,,,,,,,,,,,,,,,,,,,,,
,guidance,,,,,,,,,,,,,,,,,,,,,,
,"to help people on furlough answer the census questions about work. However,",,,,,,,,,,,,,,,,,,,,,,
,we,,,,,,,,,,,,,,,,,,,,,,
,are unable to determine how furloughed people followed the guidance. Take,,,,,,,,,,,,,,,,,,,,,,
,care,,,,,,,,,,,,,,,,,,,,,,
,when using this data for planning purposes. Read more about specific,,,,,,,,,,,,,,,,,,,,,,
,quality,,,,,,,,,,,,,,,,,,,,,,
,considerations in our,,,,,,,,,,,,,,,,,,,,,,
,,,,,,,,,,,,,,,,,,,,,,,
,https://www.ons.gov.uk/employmentandlabourmarket/peopleinwork/employmentandemployeetypes/methodologies/traveltoworkqualityinformationforcensus2021,,,,,,,,,,,,,,,,,,,,,,
